AI_ID,Genome,Sources,Total_Wins,Total_Losses,Total_Draws,Points
0,"[47, 38, 43, 33, 22, 2, 39, 8]",ga_gen_20.csv:gen0,430,386,10,435.0
1,"[44, 32, 38, 30, 28, 11, 32, 18]",ga_gen_20.csv:gen2,299,522,5,301.5
2,"[35, 37, 40, 47, 38, 32, 12, 10]",ga_gen_20.csv:gen4,214,607,5,216.5
3,"[50, 23, 12, 31, 20, 22, 19, 15]",ga_gen_20.csv:gen6,401,419,6,404.0
4,"[8, 46, 8, 12, 18, 37, 14, 14]",ga_gen_20.csv:gen8,288,530,8,292.0
5,"[28, 10, 47, 29, 34, 15, 7, 23]",ga_gen_20.csv:gen10,429,394,3,430.5
6,"[33, 5, 41, 38, 48, 14, 23, 48]",ga_gen_20.csv:gen12,387,425,14,394.0
7,"[16, 45, 23, 47, 22, 43, 42, 11]",ga_gen_20.csv:gen14,427,385,14,434.0
8,"[29, 30, 44, 43, 50, 42, 34, 37]",ga_gen_20.csv:gen16,380,431,15,387.5
9,"[41, 39, 32, 33, 49, 8, 9, 3]",ga_gen_20.csv:gen18,414,406,6,417.0
10,"[23, 5, 40, 47, 22, 18, 31, 26]",ga_gen_20.csv:gen19,446,368,12,452.0
11,"[5, 3, 39, 14, 37, 14, 40, 3]",ga_gen_100.csv:gen0,395,419,12,401.0
12,"[14, 27, 49, 32, 28, 35, 20, 38]",ga_gen_100.csv:gen2,336,487,3,337.5
13,"[6, 2, 27, 22, 20, 25, 22, 15]",ga_gen_100.csv:gen4,447,363,16,455.0
14,"[12, 17, 16, 27, 32, 31, 37, 36]",ga_gen_100.csv:gen6,388,429,9,392.5
15,"[20, 14, 28, 24, 21, 37, 22, 41]",ga_gen_100.csv:gen8,401,411,14,408.0
16,"[12, 21, 18, 19, 18, 37, 29, 5]",ga_gen_100.csv:gen10,367,444,15,374.5
17,"[8, 27, 46, 32, 33, 27, 11, 38]",ga_gen_100.csv:gen12,417,405,4,419.0
18,"[48, 18, 34, 30, 14, 7, 48, 12]",ga_gen_100.csv:gen14,433,386,7,436.5
19,"[16, 14, 26, 28, 16, 21, 37, 19]",ga_gen_100.csv:gen16,388,429,9,392.5
20,"[31, 11, 21, 43, 27, 43, 32, 23]",ga_gen_100.csv:gen18,422,389,15,429.5
21,"[6, 33, 3, 34, 30, 11, 43, 45]",ga_gen_100.csv:gen20,433,330,63,464.5
22,"[20, 9, 8, 29, 24, 22, 24, 16]",ga_gen_100.csv:gen22,366,439,21,376.5
23,"[20, 24, 35, 35, 29, 33, 41, 24]",ga_gen_100.csv:gen24,318,500,8,322.0
24,"[35, 20, 4, 47, 29, 41, 38, 23]",ga_gen_100.csv:gen26,417,403,6,420.0
25,"[5, 32, 15, 33, 43, 15, 16, 24]",ga_gen_100.csv:gen28,347,470,9,351.5
26,"[35, 1, 36, 28, 3, 27, 25, 8]",ga_gen_100.csv:gen30,489,332,5,491.5
27,"[49, 6, 21, 41, 36, 33, 33, 30]",ga_gen_100.csv:gen32,457,351,18,466.0
28,"[24, 29, 23, 22, 18, 37, 42, 11]",ga_gen_100.csv:gen34,337,485,4,339.0
29,"[26, 44, 12, 0, 7, 20, 21, 27]",ga_gen_100.csv:gen36,569,250,7,572.5
30,"[30, 31, 21, 20, 27, 35, 35, 17]",ga_gen_100.csv:gen38,447,371,8,451.0
31,"[24, 12, 14, 46, 39, 4, 15, 18]",ga_gen_100.csv:gen40,443,373,10,448.0
32,"[36, 4, 32, 36, 37, 31, 42, 26]",ga_gen_100.csv:gen42,503,316,7,506.5
33,"[48, 37, 22, 32, 27, 31, 8, 46]",ga_gen_100.csv:gen44,347,472,7,350.5
34,"[3, 26, 34, 44, 49, 41, 44, 49]",ga_gen_100.csv:gen46,386,435,5,388.5
35,"[26, 19, 11, 2, 32, 2, 31, 50]",ga_gen_100.csv:gen48,401,399,26,414.0
36,"[25, 34, 48, 9, 22, 21, 42, 17]",ga_gen_100.csv:gen50,484,333,9,488.5
37,"[40, 27, 36, 23, 35, 8, 28, 34]",ga_gen_100.csv:gen52,265,522,39,284.5
38,"[27, 9, 42, 29, 3, 17, 12, 2]",ga_gen_100.csv:gen54,346,476,4,348.0
39,"[22, 38, 13, 49, 13, 31, 38, 33]",ga_gen_100.csv:gen56,295,515,16,303.0
40,"[2, 17, 1, 12, 49, 25, 48, 40]",ga_gen_100.csv:gen58,327,440,59,356.5
41,"[2, 1, 44, 42, 47, 4, 34, 42]",ga_gen_100.csv:gen60,441,378,7,444.5
42,"[6, 6, 41, 41, 39, 11, 30, 43]",ga_gen_100.csv:gen62,396,418,12,402.0
43,"[6, 6, 41, 41, 39, 11, 30, 43]",ga_gen_100.csv:gen64,396,418,12,402.0
44,"[34, 9, 42, 31, 24, 33, 38, 24]",ga_gen_100.csv:gen66,538,284,4,540.0
45,"[42, 11, 12, 12, 19, 43, 42, 23]",ga_gen_100.csv:gen68,406,395,25,418.5
46,"[27, 15, 18, 25, 15, 23, 46, 15]",ga_gen_100.csv:gen70,474,341,11,479.5
47,"[27, 15, 18, 25, 15, 23, 46, 15]",ga_gen_100.csv:gen72,474,341,11,479.5
48,"[12, 30, 3, 33, 28, 19, 29, 23]",ga_gen_100.csv:gen74,480,325,21,490.5
49,"[5, 15, 23, 37, 24, 15, 27, 40]",ga_gen_100.csv:gen76,409,408,9,413.5
50,"[36, 31, 14, 21, 33, 18, 25, 21]",ga_gen_100.csv:gen78,300,522,4,302.0
51,"[21, 4, 49, 49, 48, 24, 43, 12]",ga_gen_100.csv:gen80,463,358,5,465.5
52,"[4, 24, 8, 34, 34, 36, 47, 36]",ga_gen_100.csv:gen82,453,320,53,479.5
53,"[24, 23, 37, 17, 33, 21, 49, 35]",ga_gen_100.csv:gen84,379,432,15,386.5
54,"[24, 23, 36, 17, 33, 20, 47, 34]",ga_gen_100.csv:gen86,392,420,14,399.0
55,"[35, 42, 2, 3, 20, 35, 15, 30]",ga_gen_100.csv:gen88,376,439,11,381.5
56,"[36, 45, 20, 16, 21, 46, 35, 8]",ga_gen_100.csv:gen90,430,392,4,432.0
57,"[36, 45, 20, 16, 21, 46, 35, 8]",ga_gen_100.csv:gen92,430,392,4,432.0
58,"[27, 10, 9, 33, 40, 33, 19, 25]",ga_gen_100.csv:gen94,299,511,16,307.0
59,"[20, 14, 42, 42, 30, 28, 36, 25]",ga_gen_100.csv:gen96,441,363,22,452.0
60,"[30, 21, 32, 29, 28, 28, 41, 26]",ga_gen_100.csv:gen98,366,451,9,370.5
61,"[4, 10, 3, 48, 24, 14, 42, 48]",ga_gen_100.csv:gen99,434,371,21,444.5
62,"[11, 14, 49, 29, 16, 44, 32, 7]",ga_gen_200.csv:gen0,485,335,6,488.0
63,"[23, 29, 33, 15, 30, 20, 16, 13]",ga_gen_200.csv:gen2,493,328,5,495.5
64,"[6, 26, 38, 17, 27, 47, 47, 26]",ga_gen_200.csv:gen4,126,688,12,132.0
65,"[16, 33, 48, 27, 29, 13, 37, 22]",ga_gen_200.csv:gen6,337,486,3,338.5
66,"[21, 36, 31, 26, 16, 20, 43, 23]",ga_gen_200.csv:gen8,309,512,5,311.5
67,"[8, 29, 6, 41, 34, 33, 30, 38]",ga_gen_200.csv:gen10,397,403,26,410.0
68,"[28, 48, 46, 7, 29, 15, 27, 24]",ga_gen_200.csv:gen12,473,343,10,478.0
69,"[2, 34, 1, 10, 42, 27, 42, 41]",ga_gen_200.csv:gen14,421,350,55,448.5
70,"[40, 32, 24, 12, 23, 22, 38, 38]",ga_gen_200.csv:gen16,357,464,5,359.5
71,"[32, 29, 19, 13, 24, 21, 33, 32]",ga_gen_200.csv:gen18,420,403,3,421.5
72,"[17, 22, 15, 25, 15, 41, 39, 35]",ga_gen_200.csv:gen20,314,489,23,325.5
73,"[22, 35, 16, 17, 10, 27, 34, 25]",ga_gen_200.csv:gen22,274,546,6,277.0
74,"[24, 32, 17, 16, 16, 29, 33, 24]",ga_gen_200.csv:gen24,345,469,12,351.0
75,"[35, 15, 50, 23, 26, 0, 29, 15]",ga_gen_200.csv:gen26,459,364,3,460.5
76,"[49, 0, 14, 26, 11, 30, 19, 50]",ga_gen_200.csv:gen28,442,372,12,448.0
77,"[22, 34, 15, 24, 30, 24, 23, 18]",ga_gen_200.csv:gen30,321,490,15,328.5
78,"[22, 34, 15, 24, 30, 24, 23, 18]",ga_gen_200.csv:gen32,321,490,15,328.5
79,"[36, 15, 21, 25, 24, 29, 19, 23]",ga_gen_200.csv:gen34,451,360,15,458.5
80,"[26, 34, 13, 30, 29, 25, 44, 20]",ga_gen_200.csv:gen36,397,413,16,405.0
81,"[44, 13, 26, 32, 9, 26, 28, 7]",ga_gen_200.csv:gen38,501,319,6,504.0
82,"[47, 35, 47, 28, 27, 23, 49, 28]",ga_gen_200.csv:gen40,465,355,6,468.0
83,"[48, 26, 32, 27, 20, 11, 36, 35]",ga_gen_200.csv:gen42,466,351,9,470.5
84,"[19, 9, 33, 31, 26, 18, 30, 14]",ga_gen_200.csv:gen44,608,216,2,609.0
85,"[19, 9, 33, 31, 26, 18, 30, 14]",ga_gen_200.csv:gen46,608,216,2,609.0
86,"[32, 22, 13, 36, 41, 26, 16, 37]",ga_gen_200.csv:gen48,343,461,22,354.0
87,"[30, 19, 17, 34, 32, 27, 19, 35]",ga_gen_200.csv:gen50,384,437,5,386.5
88,"[13, 21, 33, 5, 21, 3, 47, 49]",ga_gen_200.csv:gen52,443,377,6,446.0
89,"[39, 39, 20, 19, 24, 26, 48, 30]",ga_gen_200.csv:gen54,295,525,6,298.0
90,"[30, 36, 16, 23, 28, 19, 30, 20]",ga_gen_200.csv:gen56,435,389,2,436.0
91,"[12, 14, 43, 39, 24, 40, 42, 7]",ga_gen_200.csv:gen58,435,386,5,437.5
92,"[26, 17, 35, 29, 20, 10, 49, 10]",ga_gen_200.csv:gen60,496,325,5,498.5
93,"[21, 35, 18, 16, 20, 11, 22, 20]",ga_gen_200.csv:gen62,408,416,2,409.0
94,"[26, 7, 45, 35, 17, 41, 43, 22]",ga_gen_200.csv:gen64,526,295,5,528.5
95,"[26, 7, 45, 35, 17, 41, 43, 22]",ga_gen_200.csv:gen66,526,295,5,528.5
96,"[26, 8, 44, 35, 17, 41, 43, 22]",ga_gen_200.csv:gen68,563,260,3,564.5
97,"[1, 20, 2, 12, 31, 10, 20, 46]",ga_gen_200.csv:gen70,488,305,33,504.5
98,"[30, 23, 26, 24, 30, 40, 17, 47]",ga_gen_200.csv:gen72,369,439,18,378.0
99,"[16, 26, 26, 24, 24, 38, 22, 27]",ga_gen_200.csv:gen74,418,402,6,421.0
100,"[46, 13, 29, 26, 29, 33, 28, 37]",ga_gen_200.csv:gen76,440,370,16,448.0
101,"[45, 21, 18, 13, 15, 29, 28, 34]",ga_gen_200.csv:gen78,392,428,6,395.0
102,"[45, 11, 29, 42, 8, 15, 20, 34]",ga_gen_200.csv:gen80,413,404,9,417.5
103,"[38, 48, 13, 6, 9, 5, 26, 44]",ga_gen_200.csv:gen82,549,273,4,551.0
104,"[0, 30, 17, 38, 12, 41, 39, 40]",ga_gen_200.csv:gen84,425,380,21,435.5
105,"[27, 50, 41, 22, 37, 19, 12, 31]",ga_gen_200.csv:gen86,435,389,2,436.0
106,"[15, 25, 12, 33, 8, 44, 11, 44]",ga_gen_200.csv:gen88,395,421,10,400.0
107,"[48, 27, 18, 18, 11, 35, 23, 27]",ga_gen_200.csv:gen90,344,472,10,349.0
108,"[39, 10, 17, 35, 26, 36, 50, 48]",ga_gen_200.csv:gen92,502,306,18,511.0
109,"[19, 33, 25, 29, 41, 44, 20, 23]",ga_gen_200.csv:gen94,372,440,14,379.0
110,"[29, 23, 28, 27, 32, 32, 19, 25]",ga_gen_200.csv:gen96,446,379,1,446.5
111,"[32, 19, 21, 27, 32, 36, 29, 30]",ga_gen_200.csv:gen98,267,551,8,271.0
112,"[12, 16, 32, 32, 7, 23, 13, 33]",ga_gen_200.csv:gen100,435,378,13,441.5
113,"[12, 16, 32, 32, 8, 23, 13, 33]",ga_gen_200.csv:gen102,447,367,12,453.0
114,"[30, 40, 32, 13, 36, 29, 12, 18]",ga_gen_200.csv:gen104,480,342,4,482.0
115,"[12, 34, 35, 26, 29, 8, 25, 20]",ga_gen_200.csv:gen106,327,491,8,331.0
116,"[29, 27, 21, 21, 38, 18, 26, 27]",ga_gen_200.csv:gen108,403,414,9,407.5
117,"[46, 4, 41, 33, 27, 13, 47, 21]",ga_gen_200.csv:gen110,378,439,9,382.5
118,"[1, 14, 24, 21, 42, 41, 6, 32]",ga_gen_200.csv:gen112,367,445,14,374.0
119,"[22, 26, 15, 20, 25, 30, 30, 31]",ga_gen_200.csv:gen114,301,516,9,305.5
120,"[35, 46, 9, 11, 16, 19, 17, 4]",ga_gen_200.csv:gen116,401,378,47,424.5
121,"[3, 8, 36, 23, 17, 35, 37, 36]",ga_gen_200.csv:gen118,389,426,11,394.5
122,"[4, 13, 37, 27, 32, 19, 23, 24]",ga_gen_200.csv:gen120,388,433,5,390.5
123,"[41, 7, 22, 30, 11, 20, 28, 24]",ga_gen_200.csv:gen122,310,511,5,312.5
124,"[26, 18, 16, 36, 23, 23, 20, 20]",ga_gen_200.csv:gen124,334,484,8,338.0
125,"[47, 20, 15, 29, 39, 20, 23, 28]",ga_gen_200.csv:gen126,483,326,17,491.5
126,"[6, 7, 37, 11, 3, 50, 25, 12]",ga_gen_200.csv:gen128,258,562,6,261.0
127,"[16, 11, 24, 20, 12, 23, 27, 15]",ga_gen_200.csv:gen130,391,425,10,396.0
128,"[31, 13, 32, 22, 25, 27, 42, 18]",ga_gen_200.csv:gen132,475,343,8,479.0
129,"[36, 27, 43, 21, 27, 21, 31, 29]",ga_gen_200.csv:gen134,457,360,9,461.5
130,"[16, 21, 8, 29, 26, 1, 15, 32]",ga_gen_200.csv:gen136,422,395,9,426.5
131,"[16, 21, 8, 29, 26, 1, 15, 32]",ga_gen_200.csv:gen138,422,395,9,426.5
132,"[16, 11, 18, 16, 4, 13, 42, 8]",ga_gen_200.csv:gen140,467,352,7,470.5
133,"[23, 7, 30, 20, 40, 39, 30, 2]",ga_gen_200.csv:gen142,415,405,6,418.0
134,"[10, 11, 38, 25, 8, 25, 40, 22]",ga_gen_200.csv:gen144,450,373,3,451.5
135,"[42, 9, 25, 16, 5, 41, 30, 33]",ga_gen_200.csv:gen146,318,487,21,328.5
136,"[31, 13, 18, 24, 23, 31, 28, 16]",ga_gen_200.csv:gen148,479,338,9,483.5
137,"[32, 18, 16, 19, 19, 30, 30, 15]",ga_gen_200.csv:gen150,389,432,5,391.5
138,"[30, 20, 40, 29, 20, 37, 43, 24]",ga_gen_200.csv:gen152,395,427,4,397.0
139,"[47, 37, 3, 46, 34, 26, 30, 30]",ga_gen_200.csv:gen154,409,411,6,412.0
140,"[46, 13, 27, 36, 19, 19, 34, 9]",ga_gen_200.csv:gen156,524,291,11,529.5
141,"[19, 36, 12, 13, 2, 41, 31, 7]",ga_gen_200.csv:gen158,433,383,10,438.0
142,"[19, 7, 14, 14, 44, 47, 8, 23]",ga_gen_200.csv:gen160,445,372,9,449.5
143,"[19, 20, 36, 38, 26, 49, 48, 34]",ga_gen_200.csv:gen162,393,426,7,396.5
144,"[34, 13, 19, 20, 23, 15, 31, 24]",ga_gen_200.csv:gen164,508,305,13,514.5
145,"[49, 11, 11, 49, 26, 49, 19, 48]",ga_gen_200.csv:gen166,328,471,27,341.5
146,"[11, 50, 5, 38, 36, 39, 17, 41]",ga_gen_200.csv:gen168,332,474,20,342.0
147,"[14, 20, 5, 47, 47, 40, 11, 43]",ga_gen_200.csv:gen170,367,448,11,372.5
148,"[42, 22, 23, 13, 36, 38, 22, 26]",ga_gen_200.csv:gen172,259,556,11,264.5
149,"[33, 31, 17, 26, 17, 24, 23, 30]",ga_gen_200.csv:gen174,325,496,5,327.5
150,"[46, 4, 43, 26, 4, 40, 14, 22]",ga_gen_200.csv:gen176,469,352,5,471.5
151,"[20, 42, 21, 18, 27, 46, 13, 22]",ga_gen_200.csv:gen178,531,287,8,535.0
152,"[42, 13, 37, 26, 11, 23, 32, 42]",ga_gen_200.csv:gen180,436,372,18,445.0
153,"[33, 12, 31, 37, 32, 19, 15, 23]",ga_gen_200.csv:gen182,552,272,2,553.0
154,"[30, 50, 32, 15, 33, 24, 22, 23]",ga_gen_200.csv:gen184,413,403,10,418.0
155,"[34, 13, 30, 27, 31, 29, 36, 23]",ga_gen_200.csv:gen186,521,295,10,526.0
156,"[33, 14, 30, 26, 31, 28, 35, 24]",ga_gen_200.csv:gen188,509,309,8,513.0
157,"[24, 25, 31, 20, 33, 16, 33, 31]",ga_gen_200.csv:gen190,340,483,3,341.5
158,"[40, 33, 31, 12, 27, 24, 35, 13]",ga_gen_200.csv:gen192,447,372,7,450.5
159,"[26, 25, 36, 28, 47, 27, 8, 50]",ga_gen_200.csv:gen194,433,371,22,444.0
160,"[23, 7, 42, 8, 16, 14, 34, 23]",ga_gen_200.csv:gen196,399,417,10,404.0
161,"[40, 31, 21, 20, 32, 31, 42, 40]",ga_gen_200.csv:gen198,345,469,12,351.0
162,"[11, 25, 47, 1, 29, 25, 9, 26]",ga_gen_200.csv:gen199,478,343,5,480.5
163,"[7, 0, 44, 10, 44, 23, 19, 22]",ga_gen_500.csv:gen0,474,348,4,476.0
164,"[36, 35, 30, 22, 33, 34, 35, 33]",ga_gen_500.csv:gen2,370,449,7,373.5
165,"[35, 10, 1, 32, 11, 37, 24, 48]",ga_gen_500.csv:gen4,368,428,30,383.0
166,"[32, 6, 37, 36, 39, 17, 40, 27]",ga_gen_500.csv:gen6,506,313,7,509.5
167,"[32, 6, 37, 36, 39, 17, 40, 27]",ga_gen_500.csv:gen8,506,313,7,509.5
168,"[23, 25, 27, 29, 21, 21, 30, 22]",ga_gen_500.csv:gen10,339,483,4,341.0
169,"[15, 36, 50, 17, 25, 41, 48, 7]",ga_gen_500.csv:gen12,376,443,7,379.5
170,"[25, 20, 30, 29, 36, 18, 42, 26]",ga_gen_500.csv:gen14,231,590,5,233.5
171,"[3, 6, 48, 17, 33, 9, 31, 42]",ga_gen_500.csv:gen16,390,424,12,396.0
172,"[21, 7, 2, 30, 18, 45, 43, 42]",ga_gen_500.csv:gen18,323,455,48,347.0
173,"[3, 32, 32, 32, 1, 42, 29, 50]",ga_gen_500.csv:gen20,424,393,9,428.5
174,"[35, 26, 12, 18, 17, 23, 22, 34]",ga_gen_500.csv:gen22,299,513,14,306.0
175,"[48, 14, 30, 26, 34, 15, 7, 30]",ga_gen_500.csv:gen24,396,423,7,399.5
176,"[34, 21, 17, 33, 29, 26, 26, 41]",ga_gen_500.csv:gen26,364,452,10,369.0
177,"[17, 39, 8, 2, 23, 7, 29, 27]",ga_gen_500.csv:gen28,380,435,11,385.5
178,"[45, 20, 11, 12, 19, 10, 18, 32]",ga_gen_500.csv:gen30,459,366,1,459.5
179,"[34, 24, 18, 24, 29, 31, 20, 30]",ga_gen_500.csv:gen32,420,397,9,424.5
180,"[12, 48, 32, 14, 25, 14, 16, 7]",ga_gen_500.csv:gen34,341,483,2,342.0
181,"[14, 24, 30, 4, 50, 0, 50, 47]",ga_gen_500.csv:gen36,461,354,11,466.5
182,"[32, 12, 27, 20, 3, 28, 33, 21]",ga_gen_500.csv:gen38,481,340,5,483.5
183,"[29, 41, 21, 33, 2, 43, 46, 18]",ga_gen_500.csv:gen40,363,446,17,371.5
184,"[28, 15, 29, 34, 37, 37, 19, 40]",ga_gen_500.csv:gen42,346,475,5,348.5
185,"[42, 20, 17, 29, 33, 25, 38, 16]",ga_gen_500.csv:gen44,406,413,7,409.5
186,"[48, 19, 23, 19, 24, 10, 21, 27]",ga_gen_500.csv:gen46,394,426,6,397.0
187,"[29, 4, 16, 15, 32, 37, 38, 29]",ga_gen_500.csv:gen48,406,409,11,411.5
188,"[36, 11, 44, 23, 32, 34, 42, 33]",ga_gen_500.csv:gen50,521,297,8,525.0
189,"[37, 40, 14, 16, 25, 38, 23, 47]",ga_gen_500.csv:gen52,279,533,14,286.0
190,"[28, 27, 7, 28, 17, 18, 15, 20]",ga_gen_500.csv:gen54,406,412,8,410.0
191,"[31, 33, 32, 36, 22, 24, 38, 23]",ga_gen_500.csv:gen56,429,396,1,429.5
192,"[27, 13, 29, 16, 31, 24, 19, 23]",ga_gen_500.csv:gen58,464,355,7,467.5
193,"[37, 36, 19, 18, 26, 20, 23, 22]",ga_gen_500.csv:gen60,409,412,5,411.5
194,"[35, 32, 25, 14, 2, 7, 47, 4]",ga_gen_500.csv:gen62,495,309,22,506.0
195,"[29, 27, 24, 8, 26, 19, 25, 23]",ga_gen_500.csv:gen64,452,370,4,454.0
196,"[35, 24, 7, 0, 3, 39, 45, 10]",ga_gen_500.csv:gen66,526,271,29,540.5
197,"[31, 8, 19, 16, 25, 32, 19, 23]",ga_gen_500.csv:gen68,402,411,13,408.5
198,"[13, 26, 0, 44, 40, 25, 18, 36]",ga_gen_500.csv:gen70,534,280,12,540.0
199,"[26, 11, 29, 35, 34, 34, 22, 21]",ga_gen_500.csv:gen72,440,372,14,447.0
200,"[11, 24, 17, 21, 23, 19, 19, 16]",ga_gen_500.csv:gen74,324,485,17,332.5
201,"[10, 32, 4, 37, 16, 21, 17, 37]",ga_gen_500.csv:gen76,359,442,25,371.5
202,"[29, 25, 36, 15, 25, 16, 30, 23]",ga_gen_500.csv:gen78,466,355,5,468.5
203,"[14, 18, 37, 3, 15, 9, 18, 8]",ga_gen_500.csv:gen80,386,437,3,387.5
204,"[23, 27, 10, 4, 17, 42, 36, 7]",ga_gen_500.csv:gen82,278,533,15,285.5
205,"[30, 47, 30, 35, 33, 29, 27, 27]",ga_gen_500.csv:gen84,326,489,11,331.5
206,"[29, 0, 10, 41, 34, 17, 13, 39]",ga_gen_500.csv:gen86,500,305,21,510.5
207,"[27, 13, 17, 19, 12, 12, 28, 38]",ga_gen_500.csv:gen88,342,471,13,348.5
208,"[11, 5, 12, 9, 16, 26, 41, 5]",ga_gen_500.csv:gen90,388,409,29,402.5
209,"[14, 1, 38, 47, 27, 36, 21, 40]",ga_gen_500.csv:gen92,408,407,11,413.5
210,"[35, 16, 41, 36, 36, 27, 45, 31]",ga_gen_500.csv:gen94,532,285,9,536.5
211,"[44, 19, 14, 33, 22, 40, 43, 23]",ga_gen_500.csv:gen96,398,389,39,417.5
212,"[44, 19, 14, 33, 22, 40, 43, 23]",ga_gen_500.csv:gen98,398,389,39,417.5
213,"[18, 20, 27, 31, 29, 28, 28, 39]",ga_gen_500.csv:gen100,409,413,4,411.0
214,"[26, 44, 35, 24, 39, 43, 15, 27]",ga_gen_500.csv:gen102,480,338,8,484.0
215,"[48, 49, 24, 17, 32, 3, 46, 46]",ga_gen_500.csv:gen104,386,432,8,390.0
216,"[24, 6, 42, 28, 12, 42, 43, 24]",ga_gen_500.csv:gen106,443,372,11,448.5
217,"[38, 13, 33, 27, 43, 44, 34, 37]",ga_gen_500.csv:gen108,405,410,11,410.5
218,"[39, 26, 2, 36, 19, 8, 25, 28]",ga_gen_500.csv:gen110,414,405,7,417.5
219,"[39, 28, 3, 34, 18, 10, 24, 28]",ga_gen_500.csv:gen112,435,382,9,439.5
220,"[32, 12, 28, 32, 28, 23, 33, 14]",ga_gen_500.csv:gen114,509,313,4,511.0
221,"[2, 48, 12, 11, 25, 26, 5, 16]",ga_gen_500.csv:gen116,460,362,4,462.0
222,"[47, 26, 22, 15, 29, 24, 38, 18]",ga_gen_500.csv:gen118,539,284,3,540.5
223,"[20, 46, 33, 25, 38, 22, 43, 22]",ga_gen_500.csv:gen120,367,448,11,372.5
224,"[18, 34, 27, 30, 10, 18, 36, 27]",ga_gen_500.csv:gen122,265,554,7,268.5
225,"[36, 14, 22, 34, 22, 15, 37, 14]",ga_gen_500.csv:gen124,448,373,5,450.5
226,"[28, 37, 29, 28, 44, 12, 41, 42]",ga_gen_500.csv:gen126,318,503,5,320.5
227,"[30, 26, 19, 20, 26, 28, 33, 14]",ga_gen_500.csv:gen128,402,415,9,406.5
228,"[5, 34, 18, 12, 19, 40, 50, 26]",ga_gen_500.csv:gen130,365,445,16,373.0
229,"[42, 36, 19, 49, 12, 7, 24, 0]",ga_gen_500.csv:gen132,371,437,18,380.0
230,"[21, 50, 10, 1, 27, 8, 28, 39]",ga_gen_500.csv:gen134,501,323,2,502.0
231,"[26, 33, 30, 30, 23, 31, 42, 32]",ga_gen_500.csv:gen136,337,483,6,340.0
232,"[15, 11, 41, 25, 20, 20, 33, 16]",ga_gen_500.csv:gen138,352,469,5,354.5
233,"[8, 48, 29, 18, 40, 48, 32, 13]",ga_gen_500.csv:gen140,275,537,14,282.0
234,"[34, 21, 7, 37, 26, 17, 30, 39]",ga_gen_500.csv:gen142,389,423,14,396.0
235,"[25, 6, 20, 23, 34, 11, 32, 31]",ga_gen_500.csv:gen144,484,334,8,488.0
236,"[15, 30, 12, 24, 24, 33, 27, 33]",ga_gen_500.csv:gen146,302,510,14,309.0
237,"[6, 0, 47, 41, 4, 49, 47, 31]",ga_gen_500.csv:gen148,481,334,11,486.5
238,"[13, 1, 33, 34, 5, 36, 41, 29]",ga_gen_500.csv:gen150,483,330,13,489.5
239,"[11, 20, 41, 31, 27, 48, 37, 48]",ga_gen_500.csv:gen152,304,514,8,308.0
240,"[9, 24, 29, 13, 20, 35, 37, 26]",ga_gen_500.csv:gen154,205,617,4,207.0
241,"[23, 36, 2, 18, 1, 16, 43, 16]",ga_gen_500.csv:gen156,247,555,24,259.0
242,"[48, 25, 5, 19, 21, 44, 46, 31]",ga_gen_500.csv:gen158,496,300,30,511.0
243,"[2, 20, 24, 27, 11, 18, 33, 17]",ga_gen_500.csv:gen160,351,466,9,355.5
244,"[9, 26, 11, 39, 4, 38, 41, 33]",ga_gen_500.csv:gen162,337,475,14,344.0
245,"[14, 11, 31, 37, 21, 19, 35, 20]",ga_gen_500.csv:gen164,360,456,10,365.0
246,"[0, 29, 17, 24, 9, 44, 37, 47]",ga_gen_500.csv:gen166,415,398,13,421.5
247,"[14, 21, 45, 8, 44, 39, 50, 8]",ga_gen_500.csv:gen168,431,377,18,440.0
248,"[38, 24, 25, 24, 23, 34, 43, 41]",ga_gen_500.csv:gen170,358,462,6,361.0
249,"[6, 38, 0, 21, 23, 23, 9, 23]",ga_gen_500.csv:gen172,362,452,12,368.0
250,"[15, 6, 20, 48, 43, 18, 37, 27]",ga_gen_500.csv:gen174,474,333,19,483.5
251,"[24, 7, 24, 23, 28, 13, 30, 25]",ga_gen_500.csv:gen176,415,391,20,425.0
252,"[15, 10, 13, 23, 6, 20, 27, 28]",ga_gen_500.csv:gen178,349,462,15,356.5
253,"[5, 12, 18, 47, 26, 9, 34, 31]",ga_gen_500.csv:gen180,413,399,14,420.0
254,"[12, 27, 18, 28, 31, 16, 26, 21]",ga_gen_500.csv:gen182,469,355,2,470.0
255,"[12, 27, 18, 28, 31, 16, 26, 21]",ga_gen_500.csv:gen184,469,355,2,470.0
256,"[22, 27, 21, 24, 27, 33, 23, 24]",ga_gen_500.csv:gen186,261,557,8,265.0
257,"[25, 23, 15, 18, 27, 48, 24, 29]",ga_gen_500.csv:gen188,265,551,10,270.0
258,"[6, 44, 28, 0, 29, 9, 5, 18]",ga_gen_500.csv:gen190,479,312,35,496.5
259,"[46, 50, 28, 1, 27, 25, 39, 22]",ga_gen_500.csv:gen192,445,376,5,447.5
260,"[34, 28, 1, 49, 16, 2, 31, 41]",ga_gen_500.csv:gen194,524,289,13,530.5
261,"[34, 28, 1, 49, 16, 2, 31, 41]",ga_gen_500.csv:gen196,524,289,13,530.5
262,"[0, 12, 11, 13, 27, 43, 20, 8]",ga_gen_500.csv:gen198,364,423,39,383.5
263,"[30, 49, 26, 19, 12, 6, 37, 21]",ga_gen_500.csv:gen200,439,323,64,471.0
264,"[43, 29, 16, 41, 21, 23, 16, 19]",ga_gen_500.csv:gen202,409,414,3,410.5
265,"[25, 17, 35, 28, 15, 26, 28, 45]",ga_gen_500.csv:gen204,329,470,27,342.5
266,"[10, 18, 28, 32, 22, 48, 14, 44]",ga_gen_500.csv:gen206,444,376,6,447.0
267,"[23, 22, 43, 27, 28, 13, 24, 14]",ga_gen_500.csv:gen208,359,460,7,362.5
268,"[0, 12, 17, 50, 43, 24, 33, 39]",ga_gen_500.csv:gen210,544,275,7,547.5
269,"[3, 13, 19, 46, 40, 24, 32, 38]",ga_gen_500.csv:gen212,526,292,8,530.0
270,"[14, 2, 34, 31, 3, 38, 29, 34]",ga_gen_500.csv:gen214,533,287,6,536.0
271,"[12, 17, 2, 40, 27, 42, 27, 47]",ga_gen_500.csv:gen216,346,450,30,361.0
272,"[49, 7, 21, 20, 11, 34, 25, 13]",ga_gen_500.csv:gen218,373,436,17,381.5
273,"[24, 21, 20, 12, 17, 29, 25, 29]",ga_gen_500.csv:gen220,244,571,11,249.5
274,"[43, 12, 37, 11, 25, 35, 4, 17]",ga_gen_500.csv:gen222,498,319,9,502.5
275,"[22, 28, 23, 27, 38, 19, 24, 30]",ga_gen_500.csv:gen224,281,538,7,284.5
276,"[31, 31, 29, 37, 6, 35, 43, 39]",ga_gen_500.csv:gen226,361,450,15,368.5
277,"[31, 12, 45, 37, 31, 39, 41, 21]",ga_gen_500.csv:gen228,529,293,4,531.0
278,"[31, 12, 44, 37, 31, 39, 41, 21]",ga_gen_500.csv:gen230,528,293,5,530.5
279,"[12, 9, 6, 36, 19, 1, 27, 45]",ga_gen_500.csv:gen232,416,355,55,443.5
280,"[19, 33, 17, 39, 30, 30, 27, 25]",ga_gen_500.csv:gen234,320,484,22,331.0
281,"[18, 23, 20, 39, 1, 19, 6, 44]",ga_gen_500.csv:gen236,400,417,9,404.5
282,"[14, 21, 34, 35, 24, 45, 36, 13]",ga_gen_500.csv:gen238,390,433,3,391.5
283,"[12, 27, 43, 15, 38, 23, 23, 23]",ga_gen_500.csv:gen240,408,400,18,417.0
284,"[16, 1, 7, 38, 22, 0, 13, 36]",ga_gen_500.csv:gen242,454,346,26,467.0
285,"[26, 29, 33, 25, 32, 34, 41, 36]",ga_gen_500.csv:gen244,328,496,2,329.0
286,"[15, 4, 42, 35, 17, 17, 18, 33]",ga_gen_500.csv:gen246,345,442,39,364.5
287,"[35, 4, 24, 17, 26, 25, 29, 26]",ga_gen_500.csv:gen248,422,397,7,425.5
288,"[24, 18, 16, 25, 15, 18, 20, 25]",ga_gen_500.csv:gen250,341,482,3,342.5
289,"[32, 31, 5, 49, 36, 37, 36, 18]",ga_gen_500.csv:gen252,363,447,16,371.0
290,"[11, 28, 34, 21, 4, 44, 47, 38]",ga_gen_500.csv:gen254,364,454,8,368.0
291,"[33, 10, 31, 32, 24, 26, 24, 38]",ga_gen_500.csv:gen256,381,428,17,389.5
292,"[20, 29, 15, 25, 24, 23, 18, 27]",ga_gen_500.csv:gen258,299,518,9,303.5
293,"[20, 29, 15, 25, 24, 23, 18, 27]",ga_gen_500.csv:gen260,299,518,9,303.5
294,"[15, 45, 26, 13, 29, 21, 5, 41]",ga_gen_500.csv:gen262,454,364,8,458.0
295,"[38, 37, 24, 23, 33, 14, 20, 14]",ga_gen_500.csv:gen264,342,482,2,343.0
296,"[37, 15, 5, 25, 22, 3, 34, 26]",ga_gen_500.csv:gen266,367,457,2,368.0
297,"[23, 32, 35, 39, 26, 31, 20, 39]",ga_gen_500.csv:gen268,344,477,5,346.5
298,"[43, 33, 17, 25, 24, 42, 31, 41]",ga_gen_500.csv:gen270,332,480,14,339.0
299,"[19, 24, 0, 12, 11, 22, 29, 15]",ga_gen_500.csv:gen272,474,327,25,486.5
300,"[11, 12, 26, 48, 23, 42, 37, 42]",ga_gen_500.csv:gen274,365,436,25,377.5
301,"[40, 19, 45, 32, 30, 42, 44, 22]",ga_gen_500.csv:gen276,527,297,2,528.0
302,"[31, 31, 22, 44, 27, 34, 19, 38]",ga_gen_500.csv:gen278,348,470,8,352.0
303,"[33, 9, 31, 21, 22, 19, 32, 26]",ga_gen_500.csv:gen280,452,368,6,455.0
304,"[17, 34, 30, 28, 47, 13, 35, 34]",ga_gen_500.csv:gen282,328,483,15,335.5
305,"[13, 34, 31, 46, 34, 25, 32, 41]",ga_gen_500.csv:gen284,501,320,5,503.5
306,"[4, 36, 20, 17, 29, 27, 22, 26]",ga_gen_500.csv:gen286,303,516,7,306.5
307,"[2, 0, 22, 19, 17, 28, 29, 17]",ga_gen_500.csv:gen288,413,402,11,418.5
308,"[38, 16, 28, 24, 23, 14, 37, 16]",ga_gen_500.csv:gen290,412,413,1,412.5
309,"[5, 22, 4, 39, 22, 20, 27, 34]",ga_gen_500.csv:gen292,496,314,16,504.0
310,"[6, 24, 6, 39, 26, 17, 27, 28]",ga_gen_500.csv:gen294,542,269,15,549.5
311,"[28, 21, 14, 50, 50, 31, 28, 37]",ga_gen_500.csv:gen296,435,381,10,440.0
312,"[29, 31, 21, 42, 14, 5, 2, 28]",ga_gen_500.csv:gen298,349,475,2,350.0
313,"[3, 1, 23, 9, 3, 14, 22, 36]",ga_gen_500.csv:gen300,419,386,21,429.5
314,"[38, 5, 17, 7, 49, 39, 35, 33]",ga_gen_500.csv:gen302,376,438,12,382.0
315,"[40, 18, 14, 26, 20, 36, 25, 33]",ga_gen_500.csv:gen304,328,480,18,337.0
316,"[20, 27, 24, 26, 25, 23, 30, 34]",ga_gen_500.csv:gen306,310,510,6,313.0
317,"[20, 27, 24, 26, 25, 23, 30, 34]",ga_gen_500.csv:gen308,310,510,6,313.0
318,"[21, 25, 0, 7, 19, 33, 33, 21]",ga_gen_500.csv:gen310,350,464,12,356.0
319,"[22, 2, 15, 20, 23, 45, 30, 14]",ga_gen_500.csv:gen312,470,344,12,476.0
320,"[44, 35, 11, 30, 48, 15, 14, 34]",ga_gen_500.csv:gen314,366,447,13,372.5
321,"[26, 27, 20, 31, 22, 19, 20, 18]",ga_gen_500.csv:gen316,263,555,8,267.0
322,"[13, 10, 22, 13, 24, 5, 34, 31]",ga_gen_500.csv:gen318,360,446,20,370.0
323,"[20, 25, 20, 18, 19, 44, 31, 13]",ga_gen_500.csv:gen320,401,421,4,403.0
324,"[21, 39, 42, 47, 5, 40, 43, 25]",ga_gen_500.csv:gen322,312,511,3,313.5
325,"[13, 27, 32, 17, 1, 32, 42, 16]",ga_gen_500.csv:gen324,451,363,12,457.0
326,"[16, 19, 11, 26, 17, 36, 35, 18]",ga_gen_500.csv:gen326,304,509,13,310.5
327,"[21, 11, 37, 37, 11, 7, 40, 42]",ga_gen_500.csv:gen328,336,481,9,340.5
328,"[17, 49, 18, 20, 34, 11, 27, 21]",ga_gen_500.csv:gen330,362,457,7,365.5
329,"[26, 5, 6, 37, 42, 40, 40, 50]",ga_gen_500.csv:gen332,427,375,24,439.0
330,"[26, 5, 6, 37, 42, 40, 40, 50]",ga_gen_500.csv:gen334,427,375,24,439.0
331,"[34, 29, 26, 21, 47, 36, 17, 32]",ga_gen_500.csv:gen336,377,428,21,387.5
332,"[25, 25, 25, 44, 27, 37, 33, 36]",ga_gen_500.csv:gen338,368,452,6,371.0
333,"[25, 25, 25, 44, 27, 37, 33, 36]",ga_gen_500.csv:gen340,368,452,6,371.0
334,"[8, 32, 41, 30, 24, 34, 35, 42]",ga_gen_500.csv:gen342,357,460,9,361.5
335,"[30, 3, 7, 40, 32, 18, 36, 48]",ga_gen_500.csv:gen344,385,408,33,401.5
336,"[39, 47, 14, 29, 35, 38, 19, 31]",ga_gen_500.csv:gen346,312,504,10,317.0
337,"[34, 19, 8, 25, 30, 38, 37, 20]",ga_gen_500.csv:gen348,307,501,18,316.0
338,"[38, 5, 20, 29, 48, 36, 24, 36]",ga_gen_500.csv:gen350,462,358,6,465.0
339,"[35, 17, 31, 26, 30, 27, 36, 19]",ga_gen_500.csv:gen352,492,325,9,496.5
340,"[1, 47, 48, 12, 17, 2, 12, 42]",ga_gen_500.csv:gen354,394,429,3,395.5
341,"[9, 5, 10, 36, 24, 24, 43, 44]",ga_gen_500.csv:gen356,450,350,26,463.0
342,"[0, 11, 29, 40, 19, 32, 13, 37]",ga_gen_500.csv:gen358,430,390,6,433.0
343,"[23, 2, 11, 25, 26, 20, 44, 41]",ga_gen_500.csv:gen360,447,354,25,459.5
344,"[38, 9, 46, 40, 40, 32, 38, 47]",ga_gen_500.csv:gen362,307,508,11,312.5
345,"[46, 11, 44, 17, 4, 22, 21, 38]",ga_gen_500.csv:gen364,487,332,7,490.5
346,"[42, 11, 3, 18, 14, 21, 14, 27]",ga_gen_500.csv:gen366,542,271,13,548.5
347,"[42, 11, 3, 18, 14, 21, 14, 27]",ga_gen_500.csv:gen368,542,271,13,548.5
348,"[42, 11, 3, 18, 14, 21, 14, 27]",ga_gen_500.csv:gen370,542,271,13,548.5
349,"[21, 16, 22, 24, 11, 28, 35, 21]",ga_gen_500.csv:gen372,391,431,4,393.0
350,"[33, 1, 14, 37, 20, 5, 27, 47]",ga_gen_500.csv:gen374,492,295,39,511.5
351,"[4, 7, 45, 27, 23, 13, 28, 20]",ga_gen_500.csv:gen376,452,370,4,454.0
352,"[12, 28, 40, 19, 22, 14, 33, 10]",ga_gen_500.csv:gen378,485,336,5,487.5
353,"[34, 28, 20, 30, 25, 28, 22, 16]",ga_gen_500.csv:gen380,277,540,9,281.5
354,"[39, 41, 31, 16, 13, 38, 48, 4]",ga_gen_500.csv:gen382,427,393,6,430.0
355,"[41, 14, 18, 27, 9, 43, 49, 39]",ga_gen_500.csv:gen384,557,250,19,566.5
356,"[15, 41, 25, 34, 50, 32, 48, 32]",ga_gen_500.csv:gen386,435,369,22,446.0
357,"[31, 38, 5, 8, 18, 44, 8, 45]",ga_gen_500.csv:gen388,302,510,14,309.0
358,"[29, 14, 28, 28, 17, 36, 22, 16]",ga_gen_500.csv:gen390,307,504,15,314.5
359,"[11, 36, 7, 12, 23, 21, 18, 8]",ga_gen_500.csv:gen392,418,403,5,420.5
360,"[18, 6, 28, 26, 13, 18, 37, 16]",ga_gen_500.csv:gen394,473,345,8,477.0
361,"[18, 6, 28, 26, 13, 18, 37, 16]",ga_gen_500.csv:gen396,473,345,8,477.0
362,"[31, 28, 16, 36, 37, 48, 36, 19]",ga_gen_500.csv:gen398,287,531,8,291.0
363,"[39, 7, 25, 15, 29, 18, 25, 13]",ga_gen_500.csv:gen400,386,434,6,389.0
364,"[16, 3, 31, 17, 9, 8, 30, 21]",ga_gen_500.csv:gen402,595,221,10,600.0
365,"[16, 3, 31, 17, 9, 8, 30, 21]",ga_gen_500.csv:gen404,595,221,10,600.0
366,"[23, 28, 18, 37, 5, 33, 30, 35]",ga_gen_500.csv:gen406,322,490,14,329.0
367,"[30, 39, 24, 20, 23, 30, 29, 32]",ga_gen_500.csv:gen408,296,526,4,298.0
368,"[36, 41, 36, 31, 31, 33, 23, 20]",ga_gen_500.csv:gen410,353,464,9,357.5
369,"[37, 34, 26, 27, 41, 28, 27, 29]",ga_gen_500.csv:gen412,428,391,7,431.5
370,"[25, 35, 35, 20, 17, 44, 46, 16]",ga_gen_500.csv:gen414,378,444,4,380.0
371,"[43, 19, 44, 39, 23, 16, 19, 21]",ga_gen_500.csv:gen416,460,360,6,463.0
372,"[4, 0, 39, 19, 28, 46, 29, 46]",ga_gen_500.csv:gen418,452,354,20,462.0
373,"[39, 32, 25, 24, 23, 24, 38, 12]",ga_gen_500.csv:gen420,392,431,3,393.5
374,"[40, 43, 13, 0, 16, 47, 34, 27]",ga_gen_500.csv:gen422,448,371,7,451.5
375,"[13, 6, 45, 16, 41, 35, 11, 32]",ga_gen_500.csv:gen424,347,446,33,363.5
376,"[45, 5, 2, 41, 16, 27, 7, 25]",ga_gen_500.csv:gen426,410,402,14,417.0
377,"[21, 11, 26, 15, 19, 45, 28, 23]",ga_gen_500.csv:gen428,396,419,11,401.5
378,"[27, 24, 16, 19, 12, 32, 31, 36]",ga_gen_500.csv:gen430,255,551,20,265.0
379,"[45, 16, 21, 9, 12, 18, 48, 25]",ga_gen_500.csv:gen432,477,336,13,483.5
380,"[12, 17, 29, 11, 15, 8, 10, 25]",ga_gen_500.csv:gen434,426,396,4,428.0
381,"[5, 32, 18, 5, 11, 16, 25, 21]",ga_gen_500.csv:gen436,213,604,9,217.5
382,"[32, 27, 40, 21, 23, 21, 22, 27]",ga_gen_500.csv:gen438,420,395,11,425.5
383,"[24, 38, 13, 46, 41, 20, 28, 39]",ga_gen_500.csv:gen440,428,383,15,435.5
384,"[42, 13, 17, 41, 34, 35, 32, 50]",ga_gen_500.csv:gen442,421,387,18,430.0
385,"[35, 29, 17, 31, 28, 22, 35, 29]",ga_gen_500.csv:gen444,412,409,5,414.5
386,"[13, 31, 1, 34, 32, 8, 32, 33]",ga_gen_500.csv:gen446,452,345,29,466.5
387,"[21, 23, 17, 35, 36, 18, 42, 31]",ga_gen_500.csv:gen448,392,407,27,405.5
388,"[18, 3, 48, 33, 17, 45, 35, 7]",ga_gen_500.csv:gen450,426,368,32,442.0
389,"[41, 15, 16, 26, 28, 26, 32, 32]",ga_gen_500.csv:gen452,417,401,8,421.0
390,"[9, 31, 22, 25, 20, 36, 40, 4]",ga_gen_500.csv:gen454,480,340,6,483.0
391,"[41, 24, 29, 23, 48, 3, 45, 40]",ga_gen_500.csv:gen456,341,477,8,345.0
392,"[32, 7, 35, 19, 15, 22, 26, 7]",ga_gen_500.csv:gen458,538,284,4,540.0
393,"[32, 13, 47, 13, 13, 4, 39, 14]",ga_gen_500.csv:gen460,469,352,5,471.5
394,"[1, 3, 31, 24, 17, 5, 19, 22]",ga_gen_500.csv:gen462,485,336,5,487.5
395,"[31, 24, 33, 17, 26, 16, 36, 24]",ga_gen_500.csv:gen464,465,355,6,468.0
396,"[30, 31, 20, 8, 4, 15, 48, 45]",ga_gen_500.csv:gen466,404,413,9,408.5
397,"[17, 22, 19, 7, 48, 21, 6, 15]",ga_gen_500.csv:gen468,399,414,13,405.5
398,"[43, 6, 44, 19, 22, 40, 42, 20]",ga_gen_500.csv:gen470,538,267,21,548.5
399,"[43, 6, 44, 19, 22, 40, 42, 20]",ga_gen_500.csv:gen472,538,267,21,548.5
400,"[9, 24, 26, 32, 28, 37, 34, 1]",ga_gen_500.csv:gen474,445,372,9,449.5
401,"[43, 47, 3, 40, 26, 0, 38, 22]",ga_gen_500.csv:gen476,374,397,55,401.5
402,"[22, 16, 14, 23, 19, 17, 28, 40]",ga_gen_500.csv:gen478,319,485,22,330.0
403,"[11, 47, 8, 1, 27, 19, 27, 24]",ga_gen_500.csv:gen480,478,332,16,486.0
404,"[38, 34, 29, 22, 3, 30, 44, 19]",ga_gen_500.csv:gen482,513,308,5,515.5
405,"[33, 29, 27, 24, 11, 32, 43, 21]",ga_gen_500.csv:gen484,508,313,5,510.5
406,"[12, 22, 25, 14, 23, 16, 9, 42]",ga_gen_500.csv:gen486,455,338,33,471.5
407,"[50, 5, 37, 6, 3, 42, 22, 4]",ga_gen_500.csv:gen488,484,335,7,487.5
408,"[17, 21, 30, 32, 23, 17, 37, 16]",ga_gen_500.csv:gen490,382,440,4,384.0
409,"[15, 17, 37, 39, 18, 31, 22, 30]",ga_gen_500.csv:gen492,332,492,2,333.0
410,"[17, 1, 16, 32, 37, 16, 37, 30]",ga_gen_500.csv:gen494,338,468,20,348.0
411,"[46, 12, 6, 42, 30, 6, 18, 35]",ga_gen_500.csv:gen496,375,426,25,387.5
412,"[47, 40, 39, 5, 30, 28, 45, 40]",ga_gen_500.csv:gen498,446,380,0,446.0
413,"[50, 20, 47, 45, 11, 34, 23, 35]",ga_gen_500.csv:gen499,447,372,7,450.5
