AI_ID,Genome,Sources
0,"[47, 38, 43, 33, 22, 2, 39, 8]",ga_gen_20.csv:gen0
1,"[44, 32, 38, 30, 28, 11, 32, 18]",ga_gen_20.csv:gen2
2,"[35, 37, 40, 47, 38, 32, 12, 10]",ga_gen_20.csv:gen4
3,"[50, 23, 12, 31, 20, 22, 19, 15]",ga_gen_20.csv:gen6
4,"[8, 46, 8, 12, 18, 37, 14, 14]",ga_gen_20.csv:gen8
5,"[28, 10, 47, 29, 34, 15, 7, 23]",ga_gen_20.csv:gen10
6,"[33, 5, 41, 38, 48, 14, 23, 48]",ga_gen_20.csv:gen12
7,"[16, 45, 23, 47, 22, 43, 42, 11]",ga_gen_20.csv:gen14
8,"[29, 30, 44, 43, 50, 42, 34, 37]",ga_gen_20.csv:gen16
9,"[41, 39, 32, 33, 49, 8, 9, 3]",ga_gen_20.csv:gen18
10,"[23, 5, 40, 47, 22, 18, 31, 26]",ga_gen_20.csv:gen19
11,"[5, 3, 39, 14, 37, 14, 40, 3]",ga_gen_100.csv:gen0
12,"[14, 27, 49, 32, 28, 35, 20, 38]",ga_gen_100.csv:gen2
13,"[6, 2, 27, 22, 20, 25, 22, 15]",ga_gen_100.csv:gen4
14,"[12, 17, 16, 27, 32, 31, 37, 36]",ga_gen_100.csv:gen6
15,"[20, 14, 28, 24, 21, 37, 22, 41]",ga_gen_100.csv:gen8
16,"[12, 21, 18, 19, 18, 37, 29, 5]",ga_gen_100.csv:gen10
17,"[8, 27, 46, 32, 33, 27, 11, 38]",ga_gen_100.csv:gen12
18,"[48, 18, 34, 30, 14, 7, 48, 12]",ga_gen_100.csv:gen14
19,"[16, 14, 26, 28, 16, 21, 37, 19]",ga_gen_100.csv:gen16
20,"[31, 11, 21, 43, 27, 43, 32, 23]",ga_gen_100.csv:gen18
21,"[6, 33, 3, 34, 30, 11, 43, 45]",ga_gen_100.csv:gen20
22,"[20, 9, 8, 29, 24, 22, 24, 16]",ga_gen_100.csv:gen22
23,"[20, 24, 35, 35, 29, 33, 41, 24]",ga_gen_100.csv:gen24
24,"[35, 20, 4, 47, 29, 41, 38, 23]",ga_gen_100.csv:gen26
25,"[5, 32, 15, 33, 43, 15, 16, 24]",ga_gen_100.csv:gen28
26,"[35, 1, 36, 28, 3, 27, 25, 8]",ga_gen_100.csv:gen30
27,"[49, 6, 21, 41, 36, 33, 33, 30]",ga_gen_100.csv:gen32
28,"[24, 29, 23, 22, 18, 37, 42, 11]",ga_gen_100.csv:gen34
29,"[26, 44, 12, 0, 7, 20, 21, 27]",ga_gen_100.csv:gen36
30,"[30, 31, 21, 20, 27, 35, 35, 17]",ga_gen_100.csv:gen38
31,"[24, 12, 14, 46, 39, 4, 15, 18]",ga_gen_100.csv:gen40
32,"[36, 4, 32, 36, 37, 31, 42, 26]",ga_gen_100.csv:gen42
33,"[48, 37, 22, 32, 27, 31, 8, 46]",ga_gen_100.csv:gen44
34,"[3, 26, 34, 44, 49, 41, 44, 49]",ga_gen_100.csv:gen46
35,"[26, 19, 11, 2, 32, 2, 31, 50]",ga_gen_100.csv:gen48
36,"[25, 34, 48, 9, 22, 21, 42, 17]",ga_gen_100.csv:gen50
37,"[40, 27, 36, 23, 35, 8, 28, 34]",ga_gen_100.csv:gen52
38,"[27, 9, 42, 29, 3, 17, 12, 2]",ga_gen_100.csv:gen54
39,"[22, 38, 13, 49, 13, 31, 38, 33]",ga_gen_100.csv:gen56
40,"[2, 17, 1, 12, 49, 25, 48, 40]",ga_gen_100.csv:gen58
41,"[2, 1, 44, 42, 47, 4, 34, 42]",ga_gen_100.csv:gen60
42,"[6, 6, 41, 41, 39, 11, 30, 43]",ga_gen_100.csv:gen62
43,"[6, 6, 41, 41, 39, 11, 30, 43]",ga_gen_100.csv:gen64
44,"[34, 9, 42, 31, 24, 33, 38, 24]",ga_gen_100.csv:gen66
45,"[42, 11, 12, 12, 19, 43, 42, 23]",ga_gen_100.csv:gen68
46,"[27, 15, 18, 25, 15, 23, 46, 15]",ga_gen_100.csv:gen70
47,"[27, 15, 18, 25, 15, 23, 46, 15]",ga_gen_100.csv:gen72
48,"[12, 30, 3, 33, 28, 19, 29, 23]",ga_gen_100.csv:gen74
49,"[5, 15, 23, 37, 24, 15, 27, 40]",ga_gen_100.csv:gen76
50,"[36, 31, 14, 21, 33, 18, 25, 21]",ga_gen_100.csv:gen78
51,"[21, 4, 49, 49, 48, 24, 43, 12]",ga_gen_100.csv:gen80
52,"[4, 24, 8, 34, 34, 36, 47, 36]",ga_gen_100.csv:gen82
53,"[24, 23, 37, 17, 33, 21, 49, 35]",ga_gen_100.csv:gen84
54,"[24, 23, 36, 17, 33, 20, 47, 34]",ga_gen_100.csv:gen86
55,"[35, 42, 2, 3, 20, 35, 15, 30]",ga_gen_100.csv:gen88
56,"[36, 45, 20, 16, 21, 46, 35, 8]",ga_gen_100.csv:gen90
57,"[36, 45, 20, 16, 21, 46, 35, 8]",ga_gen_100.csv:gen92
58,"[27, 10, 9, 33, 40, 33, 19, 25]",ga_gen_100.csv:gen94
59,"[20, 14, 42, 42, 30, 28, 36, 25]",ga_gen_100.csv:gen96
60,"[30, 21, 32, 29, 28, 28, 41, 26]",ga_gen_100.csv:gen98
61,"[4, 10, 3, 48, 24, 14, 42, 48]",ga_gen_100.csv:gen99
62,"[11, 14, 49, 29, 16, 44, 32, 7]",ga_gen_200.csv:gen0
63,"[23, 29, 33, 15, 30, 20, 16, 13]",ga_gen_200.csv:gen2
64,"[6, 26, 38, 17, 27, 47, 47, 26]",ga_gen_200.csv:gen4
65,"[16, 33, 48, 27, 29, 13, 37, 22]",ga_gen_200.csv:gen6
66,"[21, 36, 31, 26, 16, 20, 43, 23]",ga_gen_200.csv:gen8
67,"[8, 29, 6, 41, 34, 33, 30, 38]",ga_gen_200.csv:gen10
68,"[28, 48, 46, 7, 29, 15, 27, 24]",ga_gen_200.csv:gen12
69,"[2, 34, 1, 10, 42, 27, 42, 41]",ga_gen_200.csv:gen14
70,"[40, 32, 24, 12, 23, 22, 38, 38]",ga_gen_200.csv:gen16
71,"[32, 29, 19, 13, 24, 21, 33, 32]",ga_gen_200.csv:gen18
72,"[17, 22, 15, 25, 15, 41, 39, 35]",ga_gen_200.csv:gen20
73,"[22, 35, 16, 17, 10, 27, 34, 25]",ga_gen_200.csv:gen22
74,"[24, 32, 17, 16, 16, 29, 33, 24]",ga_gen_200.csv:gen24
75,"[35, 15, 50, 23, 26, 0, 29, 15]",ga_gen_200.csv:gen26
76,"[49, 0, 14, 26, 11, 30, 19, 50]",ga_gen_200.csv:gen28
77,"[22, 34, 15, 24, 30, 24, 23, 18]",ga_gen_200.csv:gen30
78,"[22, 34, 15, 24, 30, 24, 23, 18]",ga_gen_200.csv:gen32
79,"[36, 15, 21, 25, 24, 29, 19, 23]",ga_gen_200.csv:gen34
80,"[26, 34, 13, 30, 29, 25, 44, 20]",ga_gen_200.csv:gen36
81,"[44, 13, 26, 32, 9, 26, 28, 7]",ga_gen_200.csv:gen38
82,"[47, 35, 47, 28, 27, 23, 49, 28]",ga_gen_200.csv:gen40
83,"[48, 26, 32, 27, 20, 11, 36, 35]",ga_gen_200.csv:gen42
84,"[19, 9, 33, 31, 26, 18, 30, 14]",ga_gen_200.csv:gen44
85,"[19, 9, 33, 31, 26, 18, 30, 14]",ga_gen_200.csv:gen46
86,"[32, 22, 13, 36, 41, 26, 16, 37]",ga_gen_200.csv:gen48
87,"[30, 19, 17, 34, 32, 27, 19, 35]",ga_gen_200.csv:gen50
88,"[13, 21, 33, 5, 21, 3, 47, 49]",ga_gen_200.csv:gen52
89,"[39, 39, 20, 19, 24, 26, 48, 30]",ga_gen_200.csv:gen54
90,"[30, 36, 16, 23, 28, 19, 30, 20]",ga_gen_200.csv:gen56
91,"[12, 14, 43, 39, 24, 40, 42, 7]",ga_gen_200.csv:gen58
92,"[26, 17, 35, 29, 20, 10, 49, 10]",ga_gen_200.csv:gen60
93,"[21, 35, 18, 16, 20, 11, 22, 20]",ga_gen_200.csv:gen62
94,"[26, 7, 45, 35, 17, 41, 43, 22]",ga_gen_200.csv:gen64
95,"[26, 7, 45, 35, 17, 41, 43, 22]",ga_gen_200.csv:gen66
96,"[26, 8, 44, 35, 17, 41, 43, 22]",ga_gen_200.csv:gen68
97,"[1, 20, 2, 12, 31, 10, 20, 46]",ga_gen_200.csv:gen70
98,"[30, 23, 26, 24, 30, 40, 17, 47]",ga_gen_200.csv:gen72
99,"[16, 26, 26, 24, 24, 38, 22, 27]",ga_gen_200.csv:gen74
100,"[46, 13, 29, 26, 29, 33, 28, 37]",ga_gen_200.csv:gen76
101,"[45, 21, 18, 13, 15, 29, 28, 34]",ga_gen_200.csv:gen78
102,"[45, 11, 29, 42, 8, 15, 20, 34]",ga_gen_200.csv:gen80
103,"[38, 48, 13, 6, 9, 5, 26, 44]",ga_gen_200.csv:gen82
104,"[0, 30, 17, 38, 12, 41, 39, 40]",ga_gen_200.csv:gen84
105,"[27, 50, 41, 22, 37, 19, 12, 31]",ga_gen_200.csv:gen86
106,"[15, 25, 12, 33, 8, 44, 11, 44]",ga_gen_200.csv:gen88
107,"[48, 27, 18, 18, 11, 35, 23, 27]",ga_gen_200.csv:gen90
108,"[39, 10, 17, 35, 26, 36, 50, 48]",ga_gen_200.csv:gen92
109,"[19, 33, 25, 29, 41, 44, 20, 23]",ga_gen_200.csv:gen94
110,"[29, 23, 28, 27, 32, 32, 19, 25]",ga_gen_200.csv:gen96
111,"[32, 19, 21, 27, 32, 36, 29, 30]",ga_gen_200.csv:gen98
112,"[12, 16, 32, 32, 7, 23, 13, 33]",ga_gen_200.csv:gen100
113,"[12, 16, 32, 32, 8, 23, 13, 33]",ga_gen_200.csv:gen102
114,"[30, 40, 32, 13, 36, 29, 12, 18]",ga_gen_200.csv:gen104
115,"[12, 34, 35, 26, 29, 8, 25, 20]",ga_gen_200.csv:gen106
116,"[29, 27, 21, 21, 38, 18, 26, 27]",ga_gen_200.csv:gen108
117,"[46, 4, 41, 33, 27, 13, 47, 21]",ga_gen_200.csv:gen110
118,"[1, 14, 24, 21, 42, 41, 6, 32]",ga_gen_200.csv:gen112
119,"[22, 26, 15, 20, 25, 30, 30, 31]",ga_gen_200.csv:gen114
120,"[35, 46, 9, 11, 16, 19, 17, 4]",ga_gen_200.csv:gen116
121,"[3, 8, 36, 23, 17, 35, 37, 36]",ga_gen_200.csv:gen118
122,"[4, 13, 37, 27, 32, 19, 23, 24]",ga_gen_200.csv:gen120
123,"[41, 7, 22, 30, 11, 20, 28, 24]",ga_gen_200.csv:gen122
124,"[26, 18, 16, 36, 23, 23, 20, 20]",ga_gen_200.csv:gen124
125,"[47, 20, 15, 29, 39, 20, 23, 28]",ga_gen_200.csv:gen126
126,"[6, 7, 37, 11, 3, 50, 25, 12]",ga_gen_200.csv:gen128
127,"[16, 11, 24, 20, 12, 23, 27, 15]",ga_gen_200.csv:gen130
128,"[31, 13, 32, 22, 25, 27, 42, 18]",ga_gen_200.csv:gen132
129,"[36, 27, 43, 21, 27, 21, 31, 29]",ga_gen_200.csv:gen134
130,"[16, 21, 8, 29, 26, 1, 15, 32]",ga_gen_200.csv:gen136
131,"[16, 21, 8, 29, 26, 1, 15, 32]",ga_gen_200.csv:gen138
132,"[16, 11, 18, 16, 4, 13, 42, 8]",ga_gen_200.csv:gen140
133,"[23, 7, 30, 20, 40, 39, 30, 2]",ga_gen_200.csv:gen142
134,"[10, 11, 38, 25, 8, 25, 40, 22]",ga_gen_200.csv:gen144
135,"[42, 9, 25, 16, 5, 41, 30, 33]",ga_gen_200.csv:gen146
136,"[31, 13, 18, 24, 23, 31, 28, 16]",ga_gen_200.csv:gen148
137,"[32, 18, 16, 19, 19, 30, 30, 15]",ga_gen_200.csv:gen150
138,"[30, 20, 40, 29, 20, 37, 43, 24]",ga_gen_200.csv:gen152
139,"[47, 37, 3, 46, 34, 26, 30, 30]",ga_gen_200.csv:gen154
140,"[46, 13, 27, 36, 19, 19, 34, 9]",ga_gen_200.csv:gen156
141,"[19, 36, 12, 13, 2, 41, 31, 7]",ga_gen_200.csv:gen158
142,"[19, 7, 14, 14, 44, 47, 8, 23]",ga_gen_200.csv:gen160
143,"[19, 20, 36, 38, 26, 49, 48, 34]",ga_gen_200.csv:gen162
144,"[34, 13, 19, 20, 23, 15, 31, 24]",ga_gen_200.csv:gen164
145,"[49, 11, 11, 49, 26, 49, 19, 48]",ga_gen_200.csv:gen166
146,"[11, 50, 5, 38, 36, 39, 17, 41]",ga_gen_200.csv:gen168
147,"[14, 20, 5, 47, 47, 40, 11, 43]",ga_gen_200.csv:gen170
148,"[42, 22, 23, 13, 36, 38, 22, 26]",ga_gen_200.csv:gen172
149,"[33, 31, 17, 26, 17, 24, 23, 30]",ga_gen_200.csv:gen174
150,"[46, 4, 43, 26, 4, 40, 14, 22]",ga_gen_200.csv:gen176
151,"[20, 42, 21, 18, 27, 46, 13, 22]",ga_gen_200.csv:gen178
152,"[42, 13, 37, 26, 11, 23, 32, 42]",ga_gen_200.csv:gen180
153,"[33, 12, 31, 37, 32, 19, 15, 23]",ga_gen_200.csv:gen182
154,"[30, 50, 32, 15, 33, 24, 22, 23]",ga_gen_200.csv:gen184
155,"[34, 13, 30, 27, 31, 29, 36, 23]",ga_gen_200.csv:gen186
156,"[33, 14, 30, 26, 31, 28, 35, 24]",ga_gen_200.csv:gen188
157,"[24, 25, 31, 20, 33, 16, 33, 31]",ga_gen_200.csv:gen190
158,"[40, 33, 31, 12, 27, 24, 35, 13]",ga_gen_200.csv:gen192
159,"[26, 25, 36, 28, 47, 27, 8, 50]",ga_gen_200.csv:gen194
160,"[23, 7, 42, 8, 16, 14, 34, 23]",ga_gen_200.csv:gen196
161,"[40, 31, 21, 20, 32, 31, 42, 40]",ga_gen_200.csv:gen198
162,"[11, 25, 47, 1, 29, 25, 9, 26]",ga_gen_200.csv:gen199
163,"[7, 0, 44, 10, 44, 23, 19, 22]",ga_gen_500.csv:gen0
164,"[36, 35, 30, 22, 33, 34, 35, 33]",ga_gen_500.csv:gen2
165,"[35, 10, 1, 32, 11, 37, 24, 48]",ga_gen_500.csv:gen4
166,"[32, 6, 37, 36, 39, 17, 40, 27]",ga_gen_500.csv:gen6
167,"[32, 6, 37, 36, 39, 17, 40, 27]",ga_gen_500.csv:gen8
168,"[23, 25, 27, 29, 21, 21, 30, 22]",ga_gen_500.csv:gen10
169,"[15, 36, 50, 17, 25, 41, 48, 7]",ga_gen_500.csv:gen12
170,"[25, 20, 30, 29, 36, 18, 42, 26]",ga_gen_500.csv:gen14
171,"[3, 6, 48, 17, 33, 9, 31, 42]",ga_gen_500.csv:gen16
172,"[21, 7, 2, 30, 18, 45, 43, 42]",ga_gen_500.csv:gen18
173,"[3, 32, 32, 32, 1, 42, 29, 50]",ga_gen_500.csv:gen20
174,"[35, 26, 12, 18, 17, 23, 22, 34]",ga_gen_500.csv:gen22
175,"[48, 14, 30, 26, 34, 15, 7, 30]",ga_gen_500.csv:gen24
176,"[34, 21, 17, 33, 29, 26, 26, 41]",ga_gen_500.csv:gen26
177,"[17, 39, 8, 2, 23, 7, 29, 27]",ga_gen_500.csv:gen28
178,"[45, 20, 11, 12, 19, 10, 18, 32]",ga_gen_500.csv:gen30
179,"[34, 24, 18, 24, 29, 31, 20, 30]",ga_gen_500.csv:gen32
180,"[12, 48, 32, 14, 25, 14, 16, 7]",ga_gen_500.csv:gen34
181,"[14, 24, 30, 4, 50, 0, 50, 47]",ga_gen_500.csv:gen36
182,"[32, 12, 27, 20, 3, 28, 33, 21]",ga_gen_500.csv:gen38
183,"[29, 41, 21, 33, 2, 43, 46, 18]",ga_gen_500.csv:gen40
184,"[28, 15, 29, 34, 37, 37, 19, 40]",ga_gen_500.csv:gen42
185,"[42, 20, 17, 29, 33, 25, 38, 16]",ga_gen_500.csv:gen44
186,"[48, 19, 23, 19, 24, 10, 21, 27]",ga_gen_500.csv:gen46
187,"[29, 4, 16, 15, 32, 37, 38, 29]",ga_gen_500.csv:gen48
188,"[36, 11, 44, 23, 32, 34, 42, 33]",ga_gen_500.csv:gen50
189,"[37, 40, 14, 16, 25, 38, 23, 47]",ga_gen_500.csv:gen52
190,"[28, 27, 7, 28, 17, 18, 15, 20]",ga_gen_500.csv:gen54
191,"[31, 33, 32, 36, 22, 24, 38, 23]",ga_gen_500.csv:gen56
192,"[27, 13, 29, 16, 31, 24, 19, 23]",ga_gen_500.csv:gen58
193,"[37, 36, 19, 18, 26, 20, 23, 22]",ga_gen_500.csv:gen60
194,"[35, 32, 25, 14, 2, 7, 47, 4]",ga_gen_500.csv:gen62
195,"[29, 27, 24, 8, 26, 19, 25, 23]",ga_gen_500.csv:gen64
196,"[35, 24, 7, 0, 3, 39, 45, 10]",ga_gen_500.csv:gen66
197,"[31, 8, 19, 16, 25, 32, 19, 23]",ga_gen_500.csv:gen68
198,"[13, 26, 0, 44, 40, 25, 18, 36]",ga_gen_500.csv:gen70
199,"[26, 11, 29, 35, 34, 34, 22, 21]",ga_gen_500.csv:gen72
200,"[11, 24, 17, 21, 23, 19, 19, 16]",ga_gen_500.csv:gen74
201,"[10, 32, 4, 37, 16, 21, 17, 37]",ga_gen_500.csv:gen76
202,"[29, 25, 36, 15, 25, 16, 30, 23]",ga_gen_500.csv:gen78
203,"[14, 18, 37, 3, 15, 9, 18, 8]",ga_gen_500.csv:gen80
204,"[23, 27, 10, 4, 17, 42, 36, 7]",ga_gen_500.csv:gen82
205,"[30, 47, 30, 35, 33, 29, 27, 27]",ga_gen_500.csv:gen84
206,"[29, 0, 10, 41, 34, 17, 13, 39]",ga_gen_500.csv:gen86
207,"[27, 13, 17, 19, 12, 12, 28, 38]",ga_gen_500.csv:gen88
208,"[11, 5, 12, 9, 16, 26, 41, 5]",ga_gen_500.csv:gen90
209,"[14, 1, 38, 47, 27, 36, 21, 40]",ga_gen_500.csv:gen92
210,"[35, 16, 41, 36, 36, 27, 45, 31]",ga_gen_500.csv:gen94
211,"[44, 19, 14, 33, 22, 40, 43, 23]",ga_gen_500.csv:gen96
212,"[44, 19, 14, 33, 22, 40, 43, 23]",ga_gen_500.csv:gen98
213,"[18, 20, 27, 31, 29, 28, 28, 39]",ga_gen_500.csv:gen100
214,"[26, 44, 35, 24, 39, 43, 15, 27]",ga_gen_500.csv:gen102
215,"[48, 49, 24, 17, 32, 3, 46, 46]",ga_gen_500.csv:gen104
216,"[24, 6, 42, 28, 12, 42, 43, 24]",ga_gen_500.csv:gen106
217,"[38, 13, 33, 27, 43, 44, 34, 37]",ga_gen_500.csv:gen108
218,"[39, 26, 2, 36, 19, 8, 25, 28]",ga_gen_500.csv:gen110
219,"[39, 28, 3, 34, 18, 10, 24, 28]",ga_gen_500.csv:gen112
220,"[32, 12, 28, 32, 28, 23, 33, 14]",ga_gen_500.csv:gen114
221,"[2, 48, 12, 11, 25, 26, 5, 16]",ga_gen_500.csv:gen116
222,"[47, 26, 22, 15, 29, 24, 38, 18]",ga_gen_500.csv:gen118
223,"[20, 46, 33, 25, 38, 22, 43, 22]",ga_gen_500.csv:gen120
224,"[18, 34, 27, 30, 10, 18, 36, 27]",ga_gen_500.csv:gen122
225,"[36, 14, 22, 34, 22, 15, 37, 14]",ga_gen_500.csv:gen124
226,"[28, 37, 29, 28, 44, 12, 41, 42]",ga_gen_500.csv:gen126
227,"[30, 26, 19, 20, 26, 28, 33, 14]",ga_gen_500.csv:gen128
228,"[5, 34, 18, 12, 19, 40, 50, 26]",ga_gen_500.csv:gen130
229,"[42, 36, 19, 49, 12, 7, 24, 0]",ga_gen_500.csv:gen132
230,"[21, 50, 10, 1, 27, 8, 28, 39]",ga_gen_500.csv:gen134
231,"[26, 33, 30, 30, 23, 31, 42, 32]",ga_gen_500.csv:gen136
232,"[15, 11, 41, 25, 20, 20, 33, 16]",ga_gen_500.csv:gen138
233,"[8, 48, 29, 18, 40, 48, 32, 13]",ga_gen_500.csv:gen140
234,"[34, 21, 7, 37, 26, 17, 30, 39]",ga_gen_500.csv:gen142
235,"[25, 6, 20, 23, 34, 11, 32, 31]",ga_gen_500.csv:gen144
236,"[15, 30, 12, 24, 24, 33, 27, 33]",ga_gen_500.csv:gen146
237,"[6, 0, 47, 41, 4, 49, 47, 31]",ga_gen_500.csv:gen148
238,"[13, 1, 33, 34, 5, 36, 41, 29]",ga_gen_500.csv:gen150
239,"[11, 20, 41, 31, 27, 48, 37, 48]",ga_gen_500.csv:gen152
240,"[9, 24, 29, 13, 20, 35, 37, 26]",ga_gen_500.csv:gen154
241,"[23, 36, 2, 18, 1, 16, 43, 16]",ga_gen_500.csv:gen156
242,"[48, 25, 5, 19, 21, 44, 46, 31]",ga_gen_500.csv:gen158
243,"[2, 20, 24, 27, 11, 18, 33, 17]",ga_gen_500.csv:gen160
244,"[9, 26, 11, 39, 4, 38, 41, 33]",ga_gen_500.csv:gen162
245,"[14, 11, 31, 37, 21, 19, 35, 20]",ga_gen_500.csv:gen164
246,"[0, 29, 17, 24, 9, 44, 37, 47]",ga_gen_500.csv:gen166
247,"[14, 21, 45, 8, 44, 39, 50, 8]",ga_gen_500.csv:gen168
248,"[38, 24, 25, 24, 23, 34, 43, 41]",ga_gen_500.csv:gen170
249,"[6, 38, 0, 21, 23, 23, 9, 23]",ga_gen_500.csv:gen172
250,"[15, 6, 20, 48, 43, 18, 37, 27]",ga_gen_500.csv:gen174
251,"[24, 7, 24, 23, 28, 13, 30, 25]",ga_gen_500.csv:gen176
252,"[15, 10, 13, 23, 6, 20, 27, 28]",ga_gen_500.csv:gen178
253,"[5, 12, 18, 47, 26, 9, 34, 31]",ga_gen_500.csv:gen180
254,"[12, 27, 18, 28, 31, 16, 26, 21]",ga_gen_500.csv:gen182
255,"[12, 27, 18, 28, 31, 16, 26, 21]",ga_gen_500.csv:gen184
256,"[22, 27, 21, 24, 27, 33, 23, 24]",ga_gen_500.csv:gen186
257,"[25, 23, 15, 18, 27, 48, 24, 29]",ga_gen_500.csv:gen188
258,"[6, 44, 28, 0, 29, 9, 5, 18]",ga_gen_500.csv:gen190
259,"[46, 50, 28, 1, 27, 25, 39, 22]",ga_gen_500.csv:gen192
260,"[34, 28, 1, 49, 16, 2, 31, 41]",ga_gen_500.csv:gen194
261,"[34, 28, 1, 49, 16, 2, 31, 41]",ga_gen_500.csv:gen196
262,"[0, 12, 11, 13, 27, 43, 20, 8]",ga_gen_500.csv:gen198
263,"[30, 49, 26, 19, 12, 6, 37, 21]",ga_gen_500.csv:gen200
264,"[43, 29, 16, 41, 21, 23, 16, 19]",ga_gen_500.csv:gen202
265,"[25, 17, 35, 28, 15, 26, 28, 45]",ga_gen_500.csv:gen204
266,"[10, 18, 28, 32, 22, 48, 14, 44]",ga_gen_500.csv:gen206
267,"[23, 22, 43, 27, 28, 13, 24, 14]",ga_gen_500.csv:gen208
268,"[0, 12, 17, 50, 43, 24, 33, 39]",ga_gen_500.csv:gen210
269,"[3, 13, 19, 46, 40, 24, 32, 38]",ga_gen_500.csv:gen212
270,"[14, 2, 34, 31, 3, 38, 29, 34]",ga_gen_500.csv:gen214
271,"[12, 17, 2, 40, 27, 42, 27, 47]",ga_gen_500.csv:gen216
272,"[49, 7, 21, 20, 11, 34, 25, 13]",ga_gen_500.csv:gen218
273,"[24, 21, 20, 12, 17, 29, 25, 29]",ga_gen_500.csv:gen220
274,"[43, 12, 37, 11, 25, 35, 4, 17]",ga_gen_500.csv:gen222
275,"[22, 28, 23, 27, 38, 19, 24, 30]",ga_gen_500.csv:gen224
276,"[31, 31, 29, 37, 6, 35, 43, 39]",ga_gen_500.csv:gen226
277,"[31, 12, 45, 37, 31, 39, 41, 21]",ga_gen_500.csv:gen228
278,"[31, 12, 44, 37, 31, 39, 41, 21]",ga_gen_500.csv:gen230
279,"[12, 9, 6, 36, 19, 1, 27, 45]",ga_gen_500.csv:gen232
280,"[19, 33, 17, 39, 30, 30, 27, 25]",ga_gen_500.csv:gen234
281,"[18, 23, 20, 39, 1, 19, 6, 44]",ga_gen_500.csv:gen236
282,"[14, 21, 34, 35, 24, 45, 36, 13]",ga_gen_500.csv:gen238
283,"[12, 27, 43, 15, 38, 23, 23, 23]",ga_gen_500.csv:gen240
284,"[16, 1, 7, 38, 22, 0, 13, 36]",ga_gen_500.csv:gen242
285,"[26, 29, 33, 25, 32, 34, 41, 36]",ga_gen_500.csv:gen244
286,"[15, 4, 42, 35, 17, 17, 18, 33]",ga_gen_500.csv:gen246
287,"[35, 4, 24, 17, 26, 25, 29, 26]",ga_gen_500.csv:gen248
288,"[24, 18, 16, 25, 15, 18, 20, 25]",ga_gen_500.csv:gen250
289,"[32, 31, 5, 49, 36, 37, 36, 18]",ga_gen_500.csv:gen252
290,"[11, 28, 34, 21, 4, 44, 47, 38]",ga_gen_500.csv:gen254
291,"[33, 10, 31, 32, 24, 26, 24, 38]",ga_gen_500.csv:gen256
292,"[20, 29, 15, 25, 24, 23, 18, 27]",ga_gen_500.csv:gen258
293,"[20, 29, 15, 25, 24, 23, 18, 27]",ga_gen_500.csv:gen260
294,"[15, 45, 26, 13, 29, 21, 5, 41]",ga_gen_500.csv:gen262
295,"[38, 37, 24, 23, 33, 14, 20, 14]",ga_gen_500.csv:gen264
296,"[37, 15, 5, 25, 22, 3, 34, 26]",ga_gen_500.csv:gen266
297,"[23, 32, 35, 39, 26, 31, 20, 39]",ga_gen_500.csv:gen268
298,"[43, 33, 17, 25, 24, 42, 31, 41]",ga_gen_500.csv:gen270
299,"[19, 24, 0, 12, 11, 22, 29, 15]",ga_gen_500.csv:gen272
300,"[11, 12, 26, 48, 23, 42, 37, 42]",ga_gen_500.csv:gen274
301,"[40, 19, 45, 32, 30, 42, 44, 22]",ga_gen_500.csv:gen276
302,"[31, 31, 22, 44, 27, 34, 19, 38]",ga_gen_500.csv:gen278
303,"[33, 9, 31, 21, 22, 19, 32, 26]",ga_gen_500.csv:gen280
304,"[17, 34, 30, 28, 47, 13, 35, 34]",ga_gen_500.csv:gen282
305,"[13, 34, 31, 46, 34, 25, 32, 41]",ga_gen_500.csv:gen284
306,"[4, 36, 20, 17, 29, 27, 22, 26]",ga_gen_500.csv:gen286
307,"[2, 0, 22, 19, 17, 28, 29, 17]",ga_gen_500.csv:gen288
308,"[38, 16, 28, 24, 23, 14, 37, 16]",ga_gen_500.csv:gen290
309,"[5, 22, 4, 39, 22, 20, 27, 34]",ga_gen_500.csv:gen292
310,"[6, 24, 6, 39, 26, 17, 27, 28]",ga_gen_500.csv:gen294
311,"[28, 21, 14, 50, 50, 31, 28, 37]",ga_gen_500.csv:gen296
312,"[29, 31, 21, 42, 14, 5, 2, 28]",ga_gen_500.csv:gen298
313,"[3, 1, 23, 9, 3, 14, 22, 36]",ga_gen_500.csv:gen300
314,"[38, 5, 17, 7, 49, 39, 35, 33]",ga_gen_500.csv:gen302
315,"[40, 18, 14, 26, 20, 36, 25, 33]",ga_gen_500.csv:gen304
316,"[20, 27, 24, 26, 25, 23, 30, 34]",ga_gen_500.csv:gen306
317,"[20, 27, 24, 26, 25, 23, 30, 34]",ga_gen_500.csv:gen308
318,"[21, 25, 0, 7, 19, 33, 33, 21]",ga_gen_500.csv:gen310
319,"[22, 2, 15, 20, 23, 45, 30, 14]",ga_gen_500.csv:gen312
320,"[44, 35, 11, 30, 48, 15, 14, 34]",ga_gen_500.csv:gen314
321,"[26, 27, 20, 31, 22, 19, 20, 18]",ga_gen_500.csv:gen316
322,"[13, 10, 22, 13, 24, 5, 34, 31]",ga_gen_500.csv:gen318
323,"[20, 25, 20, 18, 19, 44, 31, 13]",ga_gen_500.csv:gen320
324,"[21, 39, 42, 47, 5, 40, 43, 25]",ga_gen_500.csv:gen322
325,"[13, 27, 32, 17, 1, 32, 42, 16]",ga_gen_500.csv:gen324
326,"[16, 19, 11, 26, 17, 36, 35, 18]",ga_gen_500.csv:gen326
327,"[21, 11, 37, 37, 11, 7, 40, 42]",ga_gen_500.csv:gen328
328,"[17, 49, 18, 20, 34, 11, 27, 21]",ga_gen_500.csv:gen330
329,"[26, 5, 6, 37, 42, 40, 40, 50]",ga_gen_500.csv:gen332
330,"[26, 5, 6, 37, 42, 40, 40, 50]",ga_gen_500.csv:gen334
331,"[34, 29, 26, 21, 47, 36, 17, 32]",ga_gen_500.csv:gen336
332,"[25, 25, 25, 44, 27, 37, 33, 36]",ga_gen_500.csv:gen338
333,"[25, 25, 25, 44, 27, 37, 33, 36]",ga_gen_500.csv:gen340
334,"[8, 32, 41, 30, 24, 34, 35, 42]",ga_gen_500.csv:gen342
335,"[30, 3, 7, 40, 32, 18, 36, 48]",ga_gen_500.csv:gen344
336,"[39, 47, 14, 29, 35, 38, 19, 31]",ga_gen_500.csv:gen346
337,"[34, 19, 8, 25, 30, 38, 37, 20]",ga_gen_500.csv:gen348
338,"[38, 5, 20, 29, 48, 36, 24, 36]",ga_gen_500.csv:gen350
339,"[35, 17, 31, 26, 30, 27, 36, 19]",ga_gen_500.csv:gen352
340,"[1, 47, 48, 12, 17, 2, 12, 42]",ga_gen_500.csv:gen354
341,"[9, 5, 10, 36, 24, 24, 43, 44]",ga_gen_500.csv:gen356
342,"[0, 11, 29, 40, 19, 32, 13, 37]",ga_gen_500.csv:gen358
343,"[23, 2, 11, 25, 26, 20, 44, 41]",ga_gen_500.csv:gen360
344,"[38, 9, 46, 40, 40, 32, 38, 47]",ga_gen_500.csv:gen362
345,"[46, 11, 44, 17, 4, 22, 21, 38]",ga_gen_500.csv:gen364
346,"[42, 11, 3, 18, 14, 21, 14, 27]",ga_gen_500.csv:gen366
347,"[42, 11, 3, 18, 14, 21, 14, 27]",ga_gen_500.csv:gen368
348,"[42, 11, 3, 18, 14, 21, 14, 27]",ga_gen_500.csv:gen370
349,"[21, 16, 22, 24, 11, 28, 35, 21]",ga_gen_500.csv:gen372
350,"[33, 1, 14, 37, 20, 5, 27, 47]",ga_gen_500.csv:gen374
351,"[4, 7, 45, 27, 23, 13, 28, 20]",ga_gen_500.csv:gen376
352,"[12, 28, 40, 19, 22, 14, 33, 10]",ga_gen_500.csv:gen378
353,"[34, 28, 20, 30, 25, 28, 22, 16]",ga_gen_500.csv:gen380
354,"[39, 41, 31, 16, 13, 38, 48, 4]",ga_gen_500.csv:gen382
355,"[41, 14, 18, 27, 9, 43, 49, 39]",ga_gen_500.csv:gen384
356,"[15, 41, 25, 34, 50, 32, 48, 32]",ga_gen_500.csv:gen386
357,"[31, 38, 5, 8, 18, 44, 8, 45]",ga_gen_500.csv:gen388
358,"[29, 14, 28, 28, 17, 36, 22, 16]",ga_gen_500.csv:gen390
359,"[11, 36, 7, 12, 23, 21, 18, 8]",ga_gen_500.csv:gen392
360,"[18, 6, 28, 26, 13, 18, 37, 16]",ga_gen_500.csv:gen394
361,"[18, 6, 28, 26, 13, 18, 37, 16]",ga_gen_500.csv:gen396
362,"[31, 28, 16, 36, 37, 48, 36, 19]",ga_gen_500.csv:gen398
363,"[39, 7, 25, 15, 29, 18, 25, 13]",ga_gen_500.csv:gen400
364,"[16, 3, 31, 17, 9, 8, 30, 21]",ga_gen_500.csv:gen402
365,"[16, 3, 31, 17, 9, 8, 30, 21]",ga_gen_500.csv:gen404
366,"[23, 28, 18, 37, 5, 33, 30, 35]",ga_gen_500.csv:gen406
367,"[30, 39, 24, 20, 23, 30, 29, 32]",ga_gen_500.csv:gen408
368,"[36, 41, 36, 31, 31, 33, 23, 20]",ga_gen_500.csv:gen410
369,"[37, 34, 26, 27, 41, 28, 27, 29]",ga_gen_500.csv:gen412
370,"[25, 35, 35, 20, 17, 44, 46, 16]",ga_gen_500.csv:gen414
371,"[43, 19, 44, 39, 23, 16, 19, 21]",ga_gen_500.csv:gen416
372,"[4, 0, 39, 19, 28, 46, 29, 46]",ga_gen_500.csv:gen418
373,"[39, 32, 25, 24, 23, 24, 38, 12]",ga_gen_500.csv:gen420
374,"[40, 43, 13, 0, 16, 47, 34, 27]",ga_gen_500.csv:gen422
375,"[13, 6, 45, 16, 41, 35, 11, 32]",ga_gen_500.csv:gen424
376,"[45, 5, 2, 41, 16, 27, 7, 25]",ga_gen_500.csv:gen426
377,"[21, 11, 26, 15, 19, 45, 28, 23]",ga_gen_500.csv:gen428
378,"[27, 24, 16, 19, 12, 32, 31, 36]",ga_gen_500.csv:gen430
379,"[45, 16, 21, 9, 12, 18, 48, 25]",ga_gen_500.csv:gen432
380,"[12, 17, 29, 11, 15, 8, 10, 25]",ga_gen_500.csv:gen434
381,"[5, 32, 18, 5, 11, 16, 25, 21]",ga_gen_500.csv:gen436
382,"[32, 27, 40, 21, 23, 21, 22, 27]",ga_gen_500.csv:gen438
383,"[24, 38, 13, 46, 41, 20, 28, 39]",ga_gen_500.csv:gen440
384,"[42, 13, 17, 41, 34, 35, 32, 50]",ga_gen_500.csv:gen442
385,"[35, 29, 17, 31, 28, 22, 35, 29]",ga_gen_500.csv:gen444
386,"[13, 31, 1, 34, 32, 8, 32, 33]",ga_gen_500.csv:gen446
387,"[21, 23, 17, 35, 36, 18, 42, 31]",ga_gen_500.csv:gen448
388,"[18, 3, 48, 33, 17, 45, 35, 7]",ga_gen_500.csv:gen450
389,"[41, 15, 16, 26, 28, 26, 32, 32]",ga_gen_500.csv:gen452
390,"[9, 31, 22, 25, 20, 36, 40, 4]",ga_gen_500.csv:gen454
391,"[41, 24, 29, 23, 48, 3, 45, 40]",ga_gen_500.csv:gen456
392,"[32, 7, 35, 19, 15, 22, 26, 7]",ga_gen_500.csv:gen458
393,"[32, 13, 47, 13, 13, 4, 39, 14]",ga_gen_500.csv:gen460
394,"[1, 3, 31, 24, 17, 5, 19, 22]",ga_gen_500.csv:gen462
395,"[31, 24, 33, 17, 26, 16, 36, 24]",ga_gen_500.csv:gen464
396,"[30, 31, 20, 8, 4, 15, 48, 45]",ga_gen_500.csv:gen466
397,"[17, 22, 19, 7, 48, 21, 6, 15]",ga_gen_500.csv:gen468
398,"[43, 6, 44, 19, 22, 40, 42, 20]",ga_gen_500.csv:gen470
399,"[43, 6, 44, 19, 22, 40, 42, 20]",ga_gen_500.csv:gen472
400,"[9, 24, 26, 32, 28, 37, 34, 1]",ga_gen_500.csv:gen474
401,"[43, 47, 3, 40, 26, 0, 38, 22]",ga_gen_500.csv:gen476
402,"[22, 16, 14, 23, 19, 17, 28, 40]",ga_gen_500.csv:gen478
403,"[11, 47, 8, 1, 27, 19, 27, 24]",ga_gen_500.csv:gen480
404,"[38, 34, 29, 22, 3, 30, 44, 19]",ga_gen_500.csv:gen482
405,"[33, 29, 27, 24, 11, 32, 43, 21]",ga_gen_500.csv:gen484
406,"[12, 22, 25, 14, 23, 16, 9, 42]",ga_gen_500.csv:gen486
407,"[50, 5, 37, 6, 3, 42, 22, 4]",ga_gen_500.csv:gen488
408,"[17, 21, 30, 32, 23, 17, 37, 16]",ga_gen_500.csv:gen490
409,"[15, 17, 37, 39, 18, 31, 22, 30]",ga_gen_500.csv:gen492
410,"[17, 1, 16, 32, 37, 16, 37, 30]",ga_gen_500.csv:gen494
411,"[46, 12, 6, 42, 30, 6, 18, 35]",ga_gen_500.csv:gen496
412,"[47, 40, 39, 5, 30, 28, 45, 40]",ga_gen_500.csv:gen498
413,"[50, 20, 47, 45, 11, 34, 23, 35]",ga_gen_500.csv:gen499
